id,title,description,link,image_link,price,currency,categoryid1,categoryid2,condition,brand,version,country,city,star
5280,"SUN ODYSSEY 52.2 ","FULL SAFETY EQUIPMENT ",https://www.bandofboats.com/fr/buy/boat/5280,https://cdn.bandofboats.com/aws/3437/146/5280-1.jpg?s=fdbd2e493f206567d406e99a2fc6acaf,120000,EUR,Voilier,"Voilier monocoque",Occasion,JEANNEAU,"SUN ODYSSEY 52.2",Grèce,athens,0
5281,"SUNSEEKER 37 TOMAHAWK","Sunseeker Tomahawk 37, version MK 2 avec les moteurs KAMD, grand entretien 2012, nouveau cousin de bain de soleil, moteurs en parfait état. Visible à Ostende",https://www.bandofboats.com/fr/buy/boat/5281,https://cdn.bandofboats.com/aws/3340/65/5281-1.jpg?s=a9561faf3379462946a1a7ece85b1e08,54900,EUR,Moteur,"Vedette Open",Occasion,SUNSEEKER,"SUNSEEKER 37 TOMAHAWK",Belgique,oostende,0
5282,"FORMULA 29 PC",,https://www.bandofboats.com/fr/buy/boat/5282,https://cdn.bandofboats.com/aws/3353/78/5282-1.jpg?s=4008b2d2e2e315dc04d1cbd135f0f561,40000,EUR,Moteur,"Vedette Open",Occasion,FORMULA,"FORMULA 29 PC",Espagne,ibiza,0
5283,"CONTEST 38 ",,https://www.bandofboats.com/fr/buy/boat/5283,https://cdn.bandofboats.com/aws/3376/101/5283-1.jpg?s=bf08217f8bbe20883dbcb69cacedb4b4,99000,EUR,Voilier,"Voilier monocoque",Occasion,CONYPLEX,"CONTEST 38",Portugal,lisbon,0
5285,"MOCHI 24 ",,https://www.bandofboats.com/fr/buy/boat/5285,https://cdn.bandofboats.com/aws/google-oauth2_106207013144076630112/11628-1.jpg?s=3281d6b8aa0d0b88bf4289c22e7ec35b,1750000,EUR,Moteur,"Vedette Flybridge",Occasion,"MOCHI CRAFT","MOCHI 24",Portugal,lisbon,0
5286,"SUN ODYSSEY 49 ",,https://www.bandofboats.com/fr/buy/boat/5286,https://cdn.bandofboats.com/aws/3340/65/5286-1.jpg?s=b53f113fc7385f3fbcd031453d16458a,125000,EUR,Voilier,"Voilier monocoque",Occasion,JEANNEAU,"SUN ODYSSEY 49",Belgique,nieuwpoort,0
5287,"ASTONDOA 54 GLX",,https://www.bandofboats.com/fr/buy/boat/5287,https://cdn.bandofboats.com/aws/3376/101/5287-1.jpg?s=9cfb0f3274ef010ab89e99e8941740ee,465000,EUR,Moteur,"Vedette Flybridge",Occasion,ASTONDOA,"ASTONDOA 54 GLX",Portugal,lisbon,0
5288,"RIVIERA 40 ",,https://www.bandofboats.com/fr/buy/boat/5288,https://cdn.bandofboats.com/aws/3376/101/5288-1.jpg?s=53aaaf1131f5d98ff090adabc69ad8fb,240000,EUR,Moteur,"Vedette Flybridge",Occasion,RIVIERA,"RIVIERA 40",Portugal,lisbon,0
5290,"PRINCESS 440 ",,https://www.bandofboats.com/fr/buy/boat/5290,https://cdn.bandofboats.com/aws/google-oauth2_106207013144076630112/11628-1.jpg?s=3281d6b8aa0d0b88bf4289c22e7ec35b,220000,EUR,Moteur,"Vedette Flybridge",Occasion,"PRINCESS YACHTS","PRINCESS 440",France,lisboa,0
5291,"SCAMPI ","Randa, Genoa leggero 2006, genoa 2, genoa 3, Tormentina, Spi Sartiame 2008, presa banchina, carica batterie, scafo riverniciato 2006, tappezzeria interna 2006, antenna Tv - barca veloce a vela",https://www.bandofboats.com/fr/buy/boat/5291,https://cdn.bandofboats.com/aws/3304/29/5291-1.jpg?s=04296732b8589369f784f51c61170934,12000,EUR,Voilier,"Voilier monocoque",Occasion,"NAUTIC SAINTONGE",SCAMPI,Italie,palermo,0
5293,"MASTER 750 ","Consumi orari 18/20 l/h velocità crociera 25 kn Punta 36 kn, Vano portacime e canne, roll bar, faro orientabile, motore diesel del 2007",https://www.bandofboats.com/fr/buy/boat/5293,https://cdn.bandofboats.com/aws/3304/29/5293-1.jpg?s=e308a1be300d49b4085d25d4f191b8e7,17900,EUR,Moteur,Semi-rigide,Occasion,MASTER,"MASTER 750",Italie,palermo,0
5294,"SUN ODYSSEY 54 DS","FULL SAFETY EQUIPMENT.",https://www.bandofboats.com/fr/buy/boat/5294,https://cdn.bandofboats.com/aws/3437/146/5294-1.jpg?s=2dbb5e57e96e952a5255215ca650ebc4,190000,EUR,Voilier,"Voilier monocoque",Occasion,JEANNEAU,"SUN ODYSSEY 54 DS",Grèce,athens,0
5295,"SUN ODYSSEY 45 ","FULL SAFETY EQUIPMENT.",https://www.bandofboats.com/fr/buy/boat/5295,https://cdn.bandofboats.com/aws/3437/146/5295-1.jpg?s=dad31b77a8283c27bab1a0e02ef7a62c,95000,EUR,Voilier,"Voilier monocoque",Occasion,JEANNEAU,"SUN ODYSSEY 45",Grèce,athens,0
5297,"KHA SHING 60 ","2 CABINE A POPPA LETTI IN PIANO CON 1 BAGNO - 1 CAB. ARM.PRUA CON BAGNO - 1 CAB. LETTI CAST.CON BAGNO - 2005 NUOVI:PILOTA AUTOM. -2006 NUOVI :  AUTOCLAVE ,DISSALATORE, 4 DOCCETTE ESTERNE,INVERTER 2000 W.,CARICABATTERIE, SCALDABAGNO -  CUSCINERIE ESTERNE CON DOPPIE SPUGNE - CASSE ACQUE CHIARE 150 LT - 2008-9  tutto sostuito e messo nuovi :  serbatoi  acciaio inox 4mm,  generatore 20kw, quadri elettrici ,tappezzerie , forno, lavastoviglie, frigo,icemaker,wc elettrici,passerella idraulica, tendalino, gommone ,eliche ,elica di poppa ,oblo e passo uomo ,motore salpaancora, pannellature sala motori, verniciatura scafo ,2 raymarine E120 e due Raymarine C compreso doppio ecoscandaglio, prese a mare, caricabatterie,inverter,faro,luci subacquee,cuscineria esterna, parabordi, lucidatura parquet interno e gommatura parziale teak esterno -  2010 : sostituiti i 375 hp con 2 x435 revisionati a zero ore- VENDITA SOTTO CONDIZIONE DI TROVARE UNA NAVETTA - 2 CABINE A POPPA LETTI IN PIANO CON 1 BAGNO - 1 CAB. ARM.PRUA CON BAGNO - 1 CAB. LETTI CAST.CON BAGNO - 2005 NUOVI:PILOTA AUTOM. -2006 NUOVI :  AUTOCLAVE ,DISSALATORE, 4 DOCCETTE ESTERNE,INVERTER 2000 W.,CARICABATTERIE, SCALDABAGNO -  CUSCINERIE ESTERNE CON DOPPIE SPUGNE - CASSE ACQUE CHIARE 150 LT - 2008-9  tutto sostuito e messo nuovi :  serbatoi  acciaio inox 4mm,  generatore 20kw, quadri elettrici ,tappezzerie , forno, lavastoviglie, frigo,icemaker,wc elettrici,passerella idraulica, tendalino, gommone ,eliche ,elica di poppa ,oblo e passo uomo ,motore salpaancora, pannellature sala motori, verniciatura scafo ,2 raymarine E120 e due Raymarine C compreso doppio ecoscandaglio, prese a mare, caricabatterie,inverter,faro,luci subacquee,cuscineria esterna, parabordi, lucidatura parquet interno e gommatura parziale teak esterno -  2010 : sostituiti i 375 hp con 2 x435 revisionati a zero ore- VENDITA SOTTO CONDIZIONE DI TROVARE UNA NAVETTA - 2 CABINE A POPPA LETTI IN PIANO CON 1 BAGNO - 1 CAB. ARM.PRUA CON BAGNO - 1 CAB. LETTI CAST.CON BAGNO - 2005 NUOVI:PILOTA AUTOM. -2006 NUOVI :  AUTOCLAVE ,DISSALATORE, 4 DOCCETTE ESTERNE,INVERTER 2000 W.,CARICABATTERIE, SCALDABAGNO -  CUSCINERIE ESTERNE CON DOPPIE SPUGNE - CASSE ACQUE CHIARE 150 LT - 2008-9  tutto sostuito e messo nuovi :  serbatoi  acciaio inox 4mm,  generatore 20kw, quadri elettrici ,tappezzerie , forno, lavastoviglie, frigo,icemaker,wc elettrici,passerella idraulica, tendalino, gommone ,eliche ,elica di poppa ,oblo e passo uomo ,motore salpaancora, pannellature sala motori, verniciatura scafo ,2 raymarine E120 e due Raymarine C compreso doppio ecoscandaglio, prese a mare, caricabatterie,inverter,faro,luci subacquee,cuscineria esterna, parabordi, lucidatura parquet interno e gommatura parziale teak esterno -  2010 : sostituiti i 375 hp con 2 x435 revisionati a zero ore. Codice scheda; 9251",https://www.bandofboats.com/fr/buy/boat/5297,https://cdn.bandofboats.com/aws/3379/104/5297-1.jpg?s=e55520045d2fb3f7b53db49eecc39837,500000,EUR,Moteur,Trawler,Occasion,"KHA SHING","KHA SHING 60",Italie,toscana,0
5298,"MOLINARI 810 CONDOR SE","BARCA ESTERNAMENTE IN BUONE CONDIZIONI, 2008 RIVERNICIATURA ESTERNA, MOTORI NECESSITANO RICAMBI E TAGLIANDI PER CIRCA 4/5000 €, VISIBILE IN CAPANNONE, Codice scheda: 11159",https://www.bandofboats.com/fr/buy/boat/5298,https://cdn.bandofboats.com/aws/3379/104/5298-1.jpg?s=7ef6c7525a3e7107da02e6ec8aa87835,11000,EUR,Moteur,"Vedette Open",Occasion,MOLINARI,"MOLINARI 810 CONDOR SE",Italie,toscana,0
5306,"ALDABRA 28 SPYKE WEEKEND","scheda da compleatare. Codice scheda: 26739",https://www.bandofboats.com/fr/buy/boat/5306,https://cdn.bandofboats.com/aws/3379/104/5306-1.jpg?s=2fa6607204321a5bc9d4f2b5e97e61d2,40000,EUR,Moteur,"Coque Open",Occasion,"ALDABRA MARINE","ALDABRA 28 SPYKE WEEKEND",Italie,toscana,0
5307,"OCEANIS 430 ","2000:REV.TIMONE,CARICABAT.ELETTRON.45 A.-INVERTER 2008,COMANDO VERR.RINVIATO POZZETTO- 2008 NUOVI : MOTORE , ELICA JET PROP, IMPIANTO ELETTRICO E PANNELLO NUOVO-2009 CAPPOTTINA NUOVA,TENDALINO SOLE A CAPANNA ILLUMINAZIONE INTERNA A LED, LUCI NOTTURNE INTERNE BLU-CONSOLLE PORTA STRUMENTI POZZETTO-MOQUETTES 2008- PASSERELLA-BARCA FATTURABILE- VER.4 CABINE TRASFORMATA A 3-PREZZO TRATTABILE. Codice scheda: 4104",https://www.bandofboats.com/fr/buy/boat/5307,https://cdn.bandofboats.com/aws/3379/104/5307-1.jpg?s=4a80fc78a1b4a5ac900c79cab4939cb9,60000,EUR,Voilier,"Voilier monocoque",Occasion,BENETEAU,"OCEANIS 430",Italie,toscana,0
5308,"GIB SEA 43 ","2008 NUOVO : GENOA, RANDA FULL BATTEN, PLOTTER CARTOGRAFICO GEONAV 7 PLATINUM IN POZZETTO, PRESE A MARE E VALVOLE INOX, TUBI SCARICO E CARICO WC , ADESIVI ORIGINALI, BOTTAZZO, PREMISTOPPA VOLVO,CONTAGIRI CON CONTAORE DIGITALE RIPITTURAZIONE LINEA DI GALLEGGIAMENTO E LUCIDATURA SCAFO  - 2009 NUOVI  : FUOCHI CUCINA -  BARCA FATTURABILE POSSIBILITA' LEASING. Codice scheda: 5003",https://www.bandofboats.com/fr/buy/boat/5308,https://cdn.bandofboats.com/aws/3379/104/5308-1.jpg?s=50a20cb541ace8d2515ac35d3f16fc5a,91000,EUR,Voilier,"Voilier monocoque",Occasion,"GIBERT MARINE","GIB SEA 43",Italie,toscana,0
5312,"CRANCHI 40 MEDITERRANEE","2005: SBARCATI MOTORI VERNICIATURA MANICOTTI,POMPE E INIETTORI, 3 BATTERIE NUOVE MAGGIORATE , RIFACIMENTO TOTALE POZZETTO FLEXTEAK , RIFACIMENTO PAVIMENTO SALONE FLEXTEAK, PASSERELLA IDRAULICA, 75 MT CATENA E ANCORA MAGGIORATA - 2006:MOQUETTE CABINE NUOVA, CARENA PORTATA A ZERO E UNA MANO D' EPOSSIDICA SCAFO LUCIDATO, PILOTA AUTOMATICO, GRUPPO ELETTROGENO -2008 NUOVO : PRESE A MARE - 2009 NUOVI : CARICABATTERIE, 2 BATTERIE SERVIZI, BATTERIA GENERATORE, 2 RAISER - Codice scheda 5010.",https://www.bandofboats.com/fr/buy/boat/5312,https://cdn.bandofboats.com/aws/3379/104/5312-1.jpg?s=bee25cb5a1ca761ab427a4a3347c16cd,60000,EUR,Moteur,"Vedette Open",Occasion,CRANCHI,"CRANCHI 40 MEDITERRANEE",Italie,toscana,0
5315,"ITALCRAFT 30 ","plancetta poppa allungata in teak, timoneria idraulica, lucidatura scafo 2007, tender Bombard A3, dotazione complete entro 12 miglia, tenute Volvo anno 2007. Versione con guida solo sul fly. Codice scheda: 22411",https://www.bandofboats.com/fr/buy/boat/5315,https://cdn.bandofboats.com/aws/3379/104/5315-1.jpg?s=5634ba1e96e3d49888c2dcbb40f36145,28000,EUR,Moteur,"Vedette Flybridge",Occasion,ITALCRAFT,"ITALCRAFT 30",Italie,toscana,0
5321,"NIMBUS 33 AVANTA","Nimbus 33 Avanta, Year 1993, 2 Volvo Penta Engine with (200HP each) Bow closed cabin with double bed, Lateral Cabin with double bed. Complete bathroom. Good salon with navigation center at starboard and complete galley aft. At port salon with U-shaped sofa and table. Good flybridge. Some equipment: Radar, GPS/ Plotter, Depth, Speed, Auto Pilot, VHF with DSC. ",https://www.bandofboats.com/fr/buy/boat/5321,https://cdn.bandofboats.com/aws/3376/101/5321-1.jpg?s=42c3c18519fdb0d016851e03fdd277d3,69000,EUR,Moteur,"Vedette Flybridge",Occasion,NIMBUS,"NIMBUS 33 AVANTA",Portugal,aveiro,0
5322,"SUN ODYSSEY 35 ","SICHERHEITSAUSRÜSTUNG: Rettungsinsel, Feststoffwesten, Lifebelts, Rettungsring, UKW-Sprechfunk, Blitzboje, Satz mit Notsignalen, Taschenlampe, Verbandskasten, Notpinne, Treibanker, Bootsmannstuhl, Navigationslichter. GPS, Autopilot, Instrumente im Cockpit, Farbplotter, Kartenplotter, Kurzwellenradio, Echolot, Logge, Windmessanlage, Windex, Kompass, Seekarten, Hafenhandbuch, Uhr, Barometer, Fernglas, Handpeil-Kompass, Flaggen QNC, Leuchtfeuerverzeichnis. Bimini-Top, Radio-CD-Spieler, Beiboot, Elektrische Ankerwinde, Warmwasser, Inverter, Stereo-Radio, Kompressorkühlschrank, Cockpittisch, Sonnensegel, Elektrische Bilgenpumpe, Batterieladegerät + Landkabel, Steckdose 12 Volt, Steckdose 220 Volt, Badeleiter, Gangway, Heckdusche, Pantry Komplett, Gasherd mit Backofen, Gasflasche, Bordwerkzeug, Segel Reparatursatz, Amtliches Bootszeugnis, Taucherbrille, Fäkalientank.",https://www.bandofboats.com/fr/buy/boat/5322,https://cdn.bandofboats.com/aws/3381/106/5322-1.jpg?s=c772e5fedfb72d652a75d4670fc06707,52900,EUR,Voilier,"Voilier monocoque",Occasion,JEANNEAU,"SUN ODYSSEY 35",Grèce,corfu,0
5325,"PLASTIK LIVORNO 310 SPACE","possibilità di permuta. Codice scheda: 24419",https://www.bandofboats.com/fr/buy/boat/5325,https://cdn.bandofboats.com/aws/3379/104/5325-1.jpg?s=9766c705a1fe9e161beec2b0b6168f06,59000,EUR,Moteur,Timonier,Occasion,"PLASTIK LIVORNO","PLASTIK LIVORNO 310 SPACE",Italie,toscana,0
5326,"ALENA 468 ","No leasing - Lavori eseguiti : tendalino est- divani- testate letti- pareti camere- cuscinerie interne ed esterne- Sedile guida- tv lcd- digitale terrestre- convertitore corr 24220- lavello cucina- cucina gas- marmi cucina e bagni (ultraleggeri) – frigo interno- acciai esterni (benetti)-posizionamento teack da 1,5 mm sia nel pozzetto che nella pedana-scaletta esterna- pedana esterna- led luminosi bleu- luci roll-bar –luci sotto pedana- tutte le placche interr.- centralina scaletta idraulica- allineamento assi- allineamento motori- insonorizzante sala macchina- luci sala macchina. Codice scheda: 31792",https://www.bandofboats.com/fr/buy/boat/5326,https://cdn.bandofboats.com/aws/3379/104/5326-1.jpg?s=9b48d9ae7869005e7793598b1d473b57,130000,EUR,Moteur,"Vedette Open",Occasion,"INNOVAZIONE E PROGETTI","ALENA 468",Italie,sardegna,0
5330,"GOBBI 27 SPORT","Natante in buono stato di conservazione. Motori e piedi ottimi. Codice scheda: 176121",https://www.bandofboats.com/fr/buy/boat/5330,https://cdn.bandofboats.com/aws/3379/104/5330-1.jpg?s=d759b18557053d545b224723ff018b03,28000,EUR,Moteur,"Vedette Open",Occasion,GOBBI,"GOBBI 27 SPORT",Italie,toscana,0
5332,"SUN ODYSSEY 54 DS",,https://www.bandofboats.com/fr/buy/boat/5332,https://cdn.bandofboats.com/aws/3337/62/5332-1.jpg?s=f7e04376903844686e8a8b8a3060acb0,300000,EUR,Voilier,"Voilier monocoque",Occasion,JEANNEAU,"SUN ODYSSEY 54 DS",Italie,nettuno,0
5333,"CONTEST 38 ","Holding Tanks: 170 litres. New upholstery 2005. Immersion heater. Stainless steel standing rigging (2001). Two Lewmar 43 sheet winches. Two halyard winches. Plough, CQR and Danforth anchors with chain and warp. Teak coachroof grabrails. Various warps and fenders. Boat hook. NASA Navtex Pro. Masthead and deck level navigation lights. Clock and barometer. Three fire extinguishers. Fire blanket. Gas alarm. Jackstays. GME MT 400 EPIRB. Horseshoe lifebuoy. Danbuoy with strobe. Security grills for companionway and hatches. Dark blue painted GRP hull with white GRP superstructure. Rubbing strake. Painted non-slip to decks. Fin keel with encapsulated lead ballast. Skeg hung rudder. Aft self draining cocpkit. The hull was epoxied below the waterline in 2001.",https://www.bandofboats.com/fr/buy/boat/5333,https://cdn.bandofboats.com/aws/3303/240/5333-1.jpg?s=8d103b7f25981daf0b9870711b8520de,17995,GBP,Voilier,"Voilier monocoque",Occasion,CONYPLEX,"CONTEST 38","Royaume Uni",wisbech,0
5336,"VZ 45 ","Some Equipments: Generator, Air Conditioned, Bow Thruster, Radar, GPS, Plotter, Auto Pilot, Deepth Souder, Speed, Electric Anchor Winch, EPIRB 425 MHZ, Water Moto, Pneumatic. Boat in good condition of maintenance. Same boat than ref 565743",https://www.bandofboats.com/fr/buy/boat/5336,https://cdn.bandofboats.com/aws/3376/101/5336-1.jpg?s=48561c8be2971895339c1624193ad365,92000,EUR,Moteur,"Vedette Flybridge",Occasion,"VZ YACHTS","VZ 45",Portugal,lisbon,0
5337,"GOLDFISH 31 ","Goldfish 31, Year 1974, Volvo Penta Engine with 55HP. Bow Cabin with two bunks. Great Salon with sofa in U at BB, transformable in couple bed. Simple sofa in front. Navigation Table at EB with interior command. Complete WC at EB. Complete kitchen at BB. In the Stern, good single bed. Some equipment: Wheel of helm inside and outside, Wind Station, Depth, Speed, Auto Pilot, VHF with DSC, Manual Winch for anchors, Dog House, Life Raft for 6 Persons, Epirb.",https://www.bandofboats.com/fr/buy/boat/5337,https://cdn.bandofboats.com/aws/3376/101/5337-1.jpg?s=4fb3bddbcbe89493ac527c030ecb446f,36000,EUR,Voilier,"Voilier monocoque",Occasion,VIKSUND,"GOLDFISH 31",Portugal,lisbon,0
5338,"AICON 56 ",,https://www.bandofboats.com/fr/buy/boat/5338,https://cdn.bandofboats.com/aws/3471/180/5338-1.jpg?s=3315c159e8ef4ac00700e001d74d013f,750000,EUR,Moteur,"Vedette Flybridge",Occasion,AICON,"AICON 56",Grèce,athens,0
5339,"AICON 64 ",,https://www.bandofboats.com/fr/buy/boat/5339,https://cdn.bandofboats.com/aws/3471/180/5339-1.jpg?s=51b36116e2120ef2fb28fefcbed6c402,1200000,EUR,Moteur,"Vedette Flybridge",Occasion,AICON,"AICON 64",Grèce,athens,0
5340,"SAN LORENZO 72 ",,https://www.bandofboats.com/fr/buy/boat/5340,https://cdn.bandofboats.com/aws/3471/180/5340-1.jpg?s=abfdbec418222de9be5d0fc8be1dbb03,2700000,EUR,Moteur,"Vedette Flybridge",Occasion,"SAN LORENZO","SAN LORENZO 72",Grèce,athens,0
5341,"AZIMUT 40 ",,https://www.bandofboats.com/fr/buy/boat/5341,https://cdn.bandofboats.com/aws/3376/101/5341-1.jpg?s=4e4883e36661eff7e890df3f2802b290,147500,EUR,Moteur,"Vedette Flybridge",Occasion,AZIMUT,"AZIMUT 40",Portugal,lisbon,0
5346,"ALLANSON 25 DEE","This is a rare opportunity to purchase a classic yacht which is stepped with history. Rondinella was built in 1952, with beautifully varnished mahogany woodwork she has been turning heads from the day she was launched with not only her looks but also by her performance.etnbsp; This D25 deigned by Peter Brett was a predecessor of the well known Rivals.etnbsp;etldquo;Roninellaetrdquo; featured in etldquo;Heavy Weather Sailing for Oneetrdquo;. A particular showing in the 1956 Channel Race, quoted: A remarkable performance was put up by Rondinella, the only class III boat to complete the course, for she sailed throughout the gale and crossed the finishing line second, beating all other competitors boat for boat without handicape. Having suffered damage during the 1987 Medway hurricane she was purchased by a boatyard in Chatham where she was lovingly restored over the course of a year. Owned by its current owners for 23 years, the boat has been well looked after and is pulled ashore every year, its hoped that Rondinella colourful history and pedigree can now be enjoyed by a new owner with many more years of enjoyment ahead. An early viewing of this boat is highly recommended.Viewing by appointment through our Kent Office at Gillingham Marina",https://www.bandofboats.com/fr/buy/boat/5346,https://cdn.bandofboats.com/aws/3303/239/5346-1.jpg?s=e6629efc979ab6ddac2c098137cd7d83,9500,GBP,Voilier,"Voilier monocoque",Occasion,"ALLANSON AND SONS","ALLANSON 25 DEE","Royaume Uni",medway,0
5350,"BAVARIA 41 ",,https://www.bandofboats.com/fr/buy/boat/5350,https://cdn.bandofboats.com/aws/3376/101/5350-1.jpg?s=49f114c88127727d7806937a0b1208f0,85000,EUR,Voilier,"Voilier monocoque",Occasion,"BAVARIA YACHTS","BAVARIA 41",Portugal,lisbon,0
5351,"WOODEN CUTTER ",,https://www.bandofboats.com/fr/buy/boat/5351,https://cdn.bandofboats.com/aws/3376/101/5351-1.jpg?s=a63087943dec4efc15a2c669a91e13da,49900,EUR,Voilier,"Voilier monocoque",Occasion,BEZIER,"WOODEN CUTTER",Portugal,lsibon,0
5369,"FAIRLINE 41 PHANTOM II","The Company offers the details of this vessel in good faith but cannot guarantee or warrant the accuracy of this information nor warrant the condition of the vessel. A buyer should instruct his agents, or his surveyors, to investigate such details as the buyer desires validated. This vessel is offered subject to prior sale, price change, or withdrawal without notice. Equipped with Generator, Condit.Air, Bow Thruster, Radar, GPS, Plotter, Pilot with double station, VHF with double station. ",https://www.bandofboats.com/fr/buy/boat/5369,https://cdn.bandofboats.com/aws/3376/101/5369-1.jpg?s=ed2106082e89573e5dfb09c196ef8f97,95000,EUR,Moteur,"Vedette Flybridge",Occasion,FAIRLINE,"FAIRLINE 41 PHANTOM II",Portugal,lisbon,0
5370,"CRANCHI 40 ATLANTIQUE","Suite to the bow with central couple bed and WC at BB. Good cabin at EB with two single beds and WC. Complete kitchen at BB. In the Hall, Command at EB and great Sofa in L, in the same edge. At BB closet in all the length of the cabin. Some equipment: Fisher generator Panda, Conditional Air in all the boat, Radar, GPS/Plotter, Auto Pilot, Depthlead, Speed, Bow Thruster, Electric power winch for anchors, Searchlight with remote control, TV Antenna, Television in the hall, Hydraulic Passarelle, Tender (2,30 Mts with 10 HPs Engine). Theca in cockpit, Access stairs to the Fly and bath platform. Bimini in the Flybridge and support Refrigerator",https://www.bandofboats.com/fr/buy/boat/5370,https://cdn.bandofboats.com/aws/3376/101/5370-1.jpg?s=266eb99bda76a9ae776624e2635b76c6,210000,EUR,Moteur,"Vedette Flybridge",Occasion,CRANCHI,"CRANCHI 40 ATLANTIQUE",Portugal,lisbon,0
5371,"FAIRLINE 38 TARGA","Bow closed cabin with couple bed, Stern closed cabin with two single beds, Hall, Kitchen and WC. Some equipment: Electronic commands, Generator 3,5 KWA (60 hours), Epirb, Life Raft (8 Persons), Electric power winch for anchors, Davits, V-Type rigid hull tender (2,70 with motor 4Hp), Central diesel heating, Bow cushion’s , 2 Refrigerators, Ceramic hobs, Microwave, New Carpets, Hall in Teak. Boat in excellent state of maintenance.",https://www.bandofboats.com/fr/buy/boat/5371,https://cdn.bandofboats.com/aws/3376/101/5371-1.jpg?s=7c4907352850c440363462b141202dce,80000,EUR,Moteur,"Vedette Open",Occasion,FAIRLINE,"FAIRLINE 38 TARGA",Portugal,lisbon,0
5372,"RIO 950 CRUISER","Bow hall be transformed in couple bed. Kitchen and complete WC. Bow closed cabin with couple bed and closets. Some equipment: Radar, GPS/Plotter, Depth/Speed, VHF with DSC, Electric Power winch for anchor, TV Antenna, Hot water System, 2 Batteries. Boat in good condition of maintenance.",https://www.bandofboats.com/fr/buy/boat/5372,https://cdn.bandofboats.com/aws/3376/101/5372-1.jpg?s=ccb41e647f0064705e18dd6e6d496f65,54000,EUR,Moteur,"Vedette Open",Occasion,RIO,"RIO 950 CRUISER",Portugal,lisbon,0
5373,"FAIRLINE 30 TARGA","Fairline Targa 30, Year 2000, 2 Volvo Penta Engines with 170Hp each. Hall in the Bow with sofas in U, transformável in couple bed, complete Kitchen at EB with stove, Refrtigerator and microwaves and complete WC at BB. In the Stern, under cockpit a cabin with two single beds. Some equipment: Air Conditioned, Radar, GPS/Plotter, VHF with DSC, Auto Pilot, Tridata ST 60, Bath Platform in theca, Shower in the Stern (Hot water). Boat in excellent condition of maintenance. ",https://www.bandofboats.com/fr/buy/boat/5373,https://cdn.bandofboats.com/aws/3376/101/5373-1.jpg?s=972ab1af935196ee8ec71f2694e54988,60000,EUR,Moteur,"Vedette Open",Occasion,FAIRLINE,"FAIRLINE 30 TARGA",Portugal,lisbon,0
5377,"BLU MARTIN 13.90 SEA TOP","Doppio impianto di a/c (caldo freddo sezionabile climatizzazione disponibile anche in pozzetto); antenna satellitare (appena  agosto 2009) con impianto di distribuzione in tutte le cabine; piastra vetroceramica con due fuochi in dinette; doccia acqua calda/fredda a poppa (fredda a prua); doccia con acqua di mare a poppa ; presa 12 volts in ogni cabina; catena ancora 70mt;  teak interno nelle camere e in dinette; ponte in teak colore scafo (murate) nero. Imbarcazione sempre rimessata al coperto nel periodo invernale; manutenzione motori eseguita da volvo penta.  solo subentro leasing. Codice scheda: 188021",https://www.bandofboats.com/fr/buy/boat/5377,https://cdn.bandofboats.com/aws/3379/104/5377-1.jpg?s=a0d17dbae3915ea6d1c7c945c069c752,230000,EUR,Moteur,"Vedette Hard Top",Occasion,"BLU MARTIN","BLU MARTIN 13.90 SEA TOP",Italie,campania,0
5378,"ONE DESIGN ","A beautifully refurbished wooden sail boat that is estimated to be 106 years old. She has a small cabin or cuddy that is used for storage. Sizeable cockpit with sliding hatch into cabin. New sails fitted Retractable bow sprit Deck gear Cockpit cover Bow roller Various warps and fenders Two cockpit winches  Anchor with chain Chain locker. An absolutely beautiful wooden sailing boat, in first class condition with new sails and a new wooden mast.",https://www.bandofboats.com/fr/buy/boat/5378,https://cdn.bandofboats.com/aws/3316/41/5378-1.jpg?s=53a3b72363006a29102502c56ec87156,16000,GBP,Voilier,"Voilier monocoque",Occasion,CUSTOMBUILT,"ONE DESIGN","Royaume Uni",troon,0
5379,"SUN ODYSSEY 28.1 ","Natante a vela. comodo per crociera. Cabina separata a poppa e ampio pozzetto.",https://www.bandofboats.com/fr/buy/boat/5379,https://cdn.bandofboats.com/aws/3379/104/5379-1.jpg?s=78cd0fdc44818e5f055145a7427b9971,29000,EUR,Voilier,"Voilier monocoque",Occasion,JEANNEAU,"SUN ODYSSEY 28.1",Italie,toscana,0
5381,"DEHLER 37 CWS","Dehler 37 CWS, Year 1989, Volo Penta Engine with 29HP. Bow closed Cabin with couple bed. Great hall with sofas in the laterals and central table. Complete kitchen at Portside. Navigation Table at starboard. In the Stern two cabins with couple beds and two WC. Electronic Equipment: VHF with DSC, GPS/Plotter, Depth, Speed, Wind Station, Auto Pilot, Navtex. Sails: Complete set (Main Sail, Genoa 130%, Genoa III for Self-Taking system 90%) all triradial (2005) + another old set of Sails. Symmetrical Spynnaker + Genaker (both news). Life Raft (8 persons) in container, Facnor Furling System, Dog House. Boat in good condition of maintenance. ",https://www.bandofboats.com/fr/buy/boat/5381,https://cdn.bandofboats.com/aws/3376/101/5381-1.jpg?s=a4dc1e97df32849e41625993f015f556,68000,EUR,Voilier,"Voilier monocoque",Occasion,DEHLER,"DEHLER 37 CWS",Portugal,lisbon,0
5383,"WOODEN MOTORSAILER 11 ","Codice scheda: 189125",https://www.bandofboats.com/fr/buy/boat/5383,https://cdn.bandofboats.com/aws/3379/104/5383-1.jpg?s=c22b280f68999be4048486038a8b94a4,90000,EUR,Voilier,"Voilier monocoque",Occasion,GIROLAMO,"WOODEN MOTORSAILER 11",Italie,toscana,0
5384,"FIRST 36.7 ","fatturabile; Scafo grigio chiaro. Ponte in Teak. Barca ha fatto charter. Codice scheda: 189274",https://www.bandofboats.com/fr/buy/boat/5384,https://cdn.bandofboats.com/aws/3379/104/5384-1.jpg?s=92a547681f6fe1e1f7d5b7af66565f8e,65000,EUR,Voilier,"Voilier monocoque",Occasion,BENETEAU,"FIRST 36.7",Italie,toscana,0
5396,"POWLES 36 ","Remotorizado en el año 1999 y completamente restaurado en el año 2007(Instalación eléctrica nueva;Instalación agua nueva;Insonorizacion nueva;Madera interior dinette nueva; ",https://www.bandofboats.com/fr/buy/boat/5396,https://cdn.bandofboats.com/aws/3401/126/5396-1.jpg?s=27940e256de4e341a06fb3499fcb378a,89900,EUR,Moteur,"Vedette Flybridge",Occasion,POWLES,"POWLES 36",Espagne,santander,0
5398,"KEY HEAVEN YAWL ","Coperta in Teck - Scafo in Acciaio - Attrezzatura in Legno",https://www.bandofboats.com/fr/buy/boat/5398,https://cdn.bandofboats.com/aws/3304/29/5398-1.jpg?s=4772dcb09dc8669803b2f17abaa0a5e4,30000,EUR,Voilier,"Voilier monocoque",Occasion,"CANTIERE DEL SUD","KEY HEAVEN YAWL",Italie,palermo,0
5399,"BAVARIA 38 CRUISER",,https://www.bandofboats.com/fr/buy/boat/5399,https://cdn.bandofboats.com/aws/3471/180/5399-1.jpg?s=2e8f37461da61ac4c56acaed631788f9,65000,EUR,Voilier,"Voilier monocoque",Occasion,"BAVARIA YACHTS","BAVARIA 38 CRUISER",Grèce,athens,0
5402,"INTERMARE 36 ","Primo proprietario. Codice scheda: 189491",https://www.bandofboats.com/fr/buy/boat/5402,https://cdn.bandofboats.com/aws/3379/104/5402-1.jpg?s=1e39254679fff57fe3ef4c4b96fea3a9,200000,EUR,Moteur,"Vedette Flybridge",Occasion,INTERMARE,"INTERMARE 36",Italie,toscana,0
5403,"COTRE AURIQUE BOIS ",,https://www.bandofboats.com/fr/buy/boat/5403,https://cdn.bandofboats.com/aws/3380/105/5403-1.jpg?s=4522c71b677d880b64401a24fdee3186,250000,EUR,Voilier,"Voilier monocoque",Occasion,SHEPHERD,"COTRE AURIQUE BOIS",France,cannes,0
5406,"STAMA 33 ","barca come nuova (non esistono in circolazione barche con i medesimi optionals e attrezzature)",https://www.bandofboats.com/fr/buy/boat/5406,https://cdn.bandofboats.com/aws/3304/29/5406-1.jpg?s=b59b42f1d876cc94111980fe9bfcad3f,85000,EUR,Moteur,"Vedette Open",Occasion,STABILE,"STAMA 33",Italie,palermo,0
5407,"AZIMUT 46 ","Total of 3 cabins. Large suite at the bow with double bed and bathroom, side cabin with two single beds and a third cabin with two bunk beds, both served by a bathroom. Good full kitchen. Large lounge with command area at portside. Sailor aft cabin, upholstery leather. Some equipment: Radar with repeater on fly, GPS / Plotter with repeater on fly, R 240E VHF radio with DSC and fly repeater, with repeater Autopilot, Bow thruster, electric winch for anchor, Kohler Generator with 75 Hours 11 Kwas Air Conditioning with dehumidifier, stainless steel and teak telescopic passarelle, can raise 260 Kgs, Ice maker. Dinghy Arimar of 2.70 Mts with Honda 15 HP. Boat in good condition",https://www.bandofboats.com/fr/buy/boat/5407,https://cdn.bandofboats.com/aws/3376/101/5407-1.jpg?s=34a708c90e74cd474e052a284a388fb4,350000,EUR,Moteur,"Vedette Flybridge",Occasion,AZIMUT,"AZIMUT 46",Portugal,lisbon,0
5408,"SUNSEEKER 39 MARTINIQUE","A VOIR ABSOLUMENT",https://www.bandofboats.com/fr/buy/boat/5408,https://cdn.bandofboats.com/aws/3331/56/5408-1.jpg?s=c108cd1ee3a0c8c6a7123220eca48864,69000,EUR,Moteur,"Vedette Open",Occasion,SUNSEEKER,"SUNSEEKER 39 MARTINIQUE",France,"le cap d'agde",0
5412,"BAVARIA 42 CRUISER",,https://www.bandofboats.com/fr/buy/boat/5412,https://cdn.bandofboats.com/aws/3471/180/5412-1.jpg?s=7d77d875e4eac9310843253b952063cc,69500,EUR,Voilier,"Voilier monocoque",Occasion,"BAVARIA YACHTS","BAVARIA 42 CRUISER",Grèce,athens,0
5413,"GIB SEA 51 ",,https://www.bandofboats.com/fr/buy/boat/5413,https://cdn.bandofboats.com/aws/3471/180/5413-1.jpg?s=45bc5d2c455b00ed4b9f79224e231afc,126500,EUR,Voilier,"Voilier monocoque",Occasion,"GIBERT MARINE","GIB SEA 51",Grèce,athens,0
5414,"PIANTONI 35 HURRICANE","BARCA IN BUONE CONDIZIONI, 2007 SCAMBIATORE OLIO SX, 2012 2 POMPE ACQUA NUOVE, 2011 COPRIVETRI TELO COPRIPOZZETTO E CUSCINERIA PRUA NUOVI, PREDISPOSTO PER GENERATORE, POSSIBILE POSTO BARCA, NO PERMUTE, MEDIAZIONE A CARICO ACQUIRENTE SUL PREZZO DEFINITIVO D’ ACQUISTO 5% + IVA. Codice scheda: 203753",https://www.bandofboats.com/fr/buy/boat/5414,https://cdn.bandofboats.com/aws/3379/104/5414-1.jpg?s=253f99072bbe06337777e1e5a7df7154,38000,EUR,Moteur,"Vedette Flybridge",Occasion,PIANTONI,"PIANTONI 35 HURRICANE",Italie,toscana,0
5418,"BERTRAM 36 MOPPIE","Divirgenti per pesca; MEDIAZIONE A CARICO ACQUIRENTE SUL PREZZO DEFINITIVO D’ ACQUISTO 5% + IVA;",https://www.bandofboats.com/fr/buy/boat/5418,https://cdn.bandofboats.com/aws/3379/104/5418-1.jpg?s=848dcb14891ee63de59509469176a58e,200000,EUR,Moteur,Daycruiser,Occasion,BERTRAM,"BERTRAM 36 MOPPIE",Italie,sardegna,0
5422,"TIARA 3100 ","Bateau en parfait état, hiverné sous hangar 10 mois/an",https://www.bandofboats.com/fr/buy/boat/5422,https://cdn.bandofboats.com/aws/3351/76/5422-1.jpg?s=8abddb8663ee959b425f82f4d4f7654e,95000,EUR,Moteur,"Vedette Open",Occasion,TIARA,"TIARA 3100",France,ouistreham,0
5424,"STARFISHER 840 ","Equipamento instalado: Radar, GPS/Plotter Simrad 32, Sonda a cores Koden, Rádio Baliza, Piloto automático, Rádio com CD 4 colunas, Rádio VHF com DSC. Guincho eléctrico 1000W, Flaps, Motor de proa, Sistema de água quente, Manómetro de ângulo de leme, Fogão de 2 bicos, 4 tomadas de 12 v para carretos no poço, Água limpa vidros, Instalação 12 e 220V, Corta cabos.Tanques de combustível em inox. Todo o equipamento de segurança para Classe 3.Barco em bom estado de manutenção e conservação.",https://www.bandofboats.com/fr/buy/boat/5424,https://cdn.bandofboats.com/aws/3376/101/5424-1.jpg?s=2762b8a5fc88e6a25fd1f90357df894f,50000,EUR,Moteur,Timonier,Occasion,STARFISHER,"STARFISHER 840",Portugal,lisbon,0
5425,"SEA RAY 455 SEDAN BRIDGE","barco en muy buen estado.Mas información www.marinaelkano.com",https://www.bandofboats.com/fr/buy/boat/5425,https://cdn.bandofboats.com/aws/3338/63/5425-1.jpg?s=4d2604929ee99611cac0f2d2110b45e4,215000,EUR,Moteur,"Vedette Flybridge",Occasion,"SEA RAY","SEA RAY 455 SEDAN BRIDGE",,zumaia,0
5431,"TULLIO ABBATE 33 OFFSHORE","motori sbarcati e revisionati 2008 - tappezzeria e cuscineria 2008. Codice scheda: 208163",https://www.bandofboats.com/fr/buy/boat/5431,https://cdn.bandofboats.com/aws/3379/104/5431-1.jpg?s=8c53ec39b6a6dafc243e3d0d197053ff,35000,EUR,Moteur,"Vedette Open",Occasion,"TULLIO ABBATE","TULLIO ABBATE 33 OFFSHORE",Italie,toscana,0
5435,"NONSUCH 30 ","The Nonsuch 30 is a substantial and well built thirty footer with a surprisingly roomy interior.  The wishbone cat rig is simple and effective, giving good performance with supreme ease of handling. ",https://www.bandofboats.com/fr/buy/boat/5435,https://cdn.bandofboats.com/aws/3303/240/5435-1.jpg?s=4c5479256be1498f3be575fbf7164d7c,29950,GBP,Voilier,"Voilier monocoque",Occasion,NONSUCH,"NONSUCH 30","Royaume Uni",shotley,0
5445,"AZIMUT 42 ","Three Cabin Version. Spacious salon with U-shaped sofas  (with storage)  convertible into double bed at STB side and full galley at port side with electric fridge, vitro ceramic plate, micro wave. Luxurious bow suite with central bed and cabinets. Big support head. At port side, lateral suite with 2 single beds and cabinets. At STB side cabin with 2 bunks. Some equipment: Bow thruster, Radar, GPS, Plotter, Auto Pilot, Depth sounder, VHF with DSC (repeaters on the Fly bridge), Radio with CD and DVD, Interior and Cockpit speakers, TV-Set (saloon and suite) with Glomex antenna,  Cockpit canvas, Bimini for the fly bridge, 11 KWAs Generator with 173 hours, Air Conditioned, Ice Maker, Cockpit Fridge, Hydraulic Gangway, Self inflate Life raft, Vacuum toilets, RIB with outboard Honda engine 8 HP with electric start-up (4 Strokes). Possibility of exchange for stocks or gold. Boat in good maintenance condition. ",https://www.bandofboats.com/fr/buy/boat/5445,https://cdn.bandofboats.com/aws/3376/101/5445-1.jpg?s=f7c27c1f6982e3e0684f48ff05f6f108,155000,EUR,Moteur,"Vedette Flybridge",Occasion,AZIMUT,"AZIMUT 42",Portugal,lisbon,0
5451,"GOBBI 325 FC","2012 : nuovi invertitori e boccole d'assi; MEDIAZIONE A CARICO ACQUIRENTE SUL PREZZO DEFINITIVO D’ ACQUISTO 5% + IVA; codice scheda: 31717",https://www.bandofboats.com/fr/buy/boat/5451,https://cdn.bandofboats.com/aws/3379/104/5451-1.jpg?s=35e9ac7aeb3bf9c30f0a5f862529d002,53000,EUR,Moteur,"Vedette Flybridge",Occasion,GOBBI,"GOBBI 325 FC",Italie,toscana,0
5452,"SUNSEEKER 46 CAMARGUE","Bow closed cabin with central double bed. Big salon with U-shaped sofa at starboard side and long galley at port side. Full head at port side. Accessed by the cockpit, aft cabin with two single beds and full head. Swimming platform in teak. Equipments: Generator, Air conditioned, Bow thruster, Stern thruster, GPS/Plotter, VHF with DSC, Autopilot, 2 fridges, 2 life rafts and security equipment. Boat in good maintenance condition. ",https://www.bandofboats.com/fr/buy/boat/5452,https://cdn.bandofboats.com/aws/3376/101/5452-1.jpg?s=8e643dc866458943625f1551ff19242a,89000,EUR,Moteur,"Vedette Open",Occasion,SUNSEEKER,"SUNSEEKER 46 CAMARGUE",Portugal,lisbon,0
5454,"DUFOUR 45 CLASSIC","Version 5 cabines en gestion / location ici. Le loueur veut bien le garder dans la flotte. Elegant, puissant mais rassurant à la barre, confortable et fort bien entretenu.",https://www.bandofboats.com/fr/buy/boat/5454,https://cdn.bandofboats.com/aws/3384/109/5454-1.jpg?s=b66a55f3b9e879a57f3160e493e26915,85000,EUR,Voilier,"Voilier monocoque",Occasion,DUFOUR,"DUFOUR 45 CLASSIC",France,"st malo",0
5455,"BAVARIA 42 CRUISER",,https://www.bandofboats.com/fr/buy/boat/5455,https://cdn.bandofboats.com/aws/3471/180/5455-1.jpg?s=5a9b259767946d2eb38a60021586f694,69000,EUR,Voilier,"Voilier monocoque",Occasion,"BAVARIA YACHTS","BAVARIA 42 CRUISER",Grèce,athens,0
5457,"MOODY 336 ","A good example of the ever popular Moody 336. She has been well cared for during her life in Greece. She has been charter coded and is offer for sale without VAT paid. The engine was new in 2005 and the sprayhood and bimini were renewed in 2011. Aft cockpit family cruiser designed by Bill Dixon, well rated as a useful performer under sail with no vices. The accommodation is roomy and well finished, with a large comfortable owner's cabin aft and generous double guest cabin forward. Well worth viewing - her owners are readily available to show you the boat, you will not be disappointed.",https://www.bandofboats.com/fr/buy/boat/5457,https://cdn.bandofboats.com/aws/3303/240/5457-1.jpg?s=98a0fb4b8b5b87f55933c780e3586075,42000,EUR,Voilier,"Voilier monocoque",Occasion,MOODY,"MOODY 336",Grèce,gouvia,0
5458,"SUN ODYSSEY 42.2 ","This is a four cabin with two heads version of the popular Sun Odyssey 42.2 She is available excluding VAT as she is currently owned by a small chart business who have cared for her very well. Well worth viewing as she is a bargain!",https://www.bandofboats.com/fr/buy/boat/5458,https://cdn.bandofboats.com/aws/3303/240/5458-1.jpg?s=b7c6153b320d174f231acc1340fed77b,64500,EUR,Voilier,"Voilier monocoque",Occasion,JEANNEAU,"SUN ODYSSEY 42.2",Grèce,corfu,0
5459,"SUN ODYSSEY 45.2 ","A 1998 version of the fin keel Sun Odyssey 45.2 She has the four cabin layout with twin heads and an excellent saloon. The forward cabins can be converted to form a large owners suite. avalable excluding VAT to qualified persons. Well worth viewing.",https://www.bandofboats.com/fr/buy/boat/5459,https://cdn.bandofboats.com/aws/3303/240/5459-1.jpg?s=d4ee27cbe438ba94a8259567e25e2683,95000,EUR,Voilier,"Voilier monocoque",Occasion,JEANNEAU,"SUN ODYSSEY 45.2",Grèce,gouvia,0
5462,"SUN ODYSSEY 42 I ","SICHERHEITSAUSRÜSTUNG: Rettungsinsel, Feststoffwesten, Lifebelts, Rettungsring, UKW-Sprechfunk, Blitzboje, Satz mit Notsignalen, Taschenlampe, Verbandskasten, Notpinne, Treibanker, Bootsmannstuhl, Navigationslichter. NAVIGATION: GPS, Autopilot, Instrumente im Cockpit, Farbplotter, Kartenplotter, Kurzwellenradio, Echolot, Logge, Windmessanlage, Windex, Kompass, Seekarten, Hafenhandbuch, Uhr, Barometer, Fernglas, Handpeil-Kompass, Flaggen QNC, Leuchtfeuerverzeichnis. SONSTIGE AUSSTATTUNG: Bimini-Top, Radio-CD-Spieler, Beiboot, Elektrische Ankerwinde, Warmwasser, Inverter, Stereo-Radio, Kompressorkühlschrank, Cockpittisch, Sonnensegel, Elektrische Bilgenpumpe, Batterieladegerät + Landkabel, Steckdose 12 Volt, Steckdose 220 Volt, Badeleiter, Gangway, Heckdusche, Pantry Komplett, Gasherd mit Backofen, Gasflasche, Bordwerkzeug, Segel Reparatursatz, Amtliches Bootszeugnis, Taucherbrille, Fäkalientank.",https://www.bandofboats.com/fr/buy/boat/5462,https://cdn.bandofboats.com/aws/3381/106/5462-1.jpg?s=83a472201f4008ed49189ebd5b9f02c3,84900,EUR,Voilier,"Voilier monocoque",Occasion,JEANNEAU,"SUN ODYSSEY 42 I",Espagne,mallorca,0
5463,"INTERMARE 30 CRUISER","Natante in condizioni impeccabili. Accessoriatissima e completa per la pesca. Da vedere.Trolling valve di serie istallato sul motore sinistro; Insonorizzazione supplementare sala macchine; Pompa supplementare per lavaggio pozzetto; Legni interni e finiture personalizzate; Materassi su misura con spessore maggiorato; Cuscini, stoffe e tendaggi personalizzati; N. 3 prese 12 v. sul pozzetto; N. 2 prese 220 (dinette e bagno); N. 7 porta-canne sul pozzetto (4 fissi tradizionali Kristal Fishing e 3 estraibili inox); Rollbar inox porta-canne a riposo; Porta outrigger inox mod. Italcanna; Chiusure di sicurezza gavoni pozzetto; Predisposizione sedia da combattimento; Tendalino estraibile a copertura del pozzetto; Tendalini laterali; Ampio cuscino prendisole; Dotazioni di bordo entro 50 miglia dalla costa. Codice scheda: 217802",https://www.bandofboats.com/fr/buy/boat/5463,https://cdn.bandofboats.com/aws/3379/104/5463-1.jpg?s=32f2d9bce070d21eaaaf5422abd61bb8,80000,EUR,Moteur,"Vedette Hard Top",Occasion,INTERMARE,"INTERMARE 30 CRUISER",Italie,toscana,0
5467,"INTERMARE 27 VEGLIATURA","Natante. Passerella idraulica e manette a poppa. Chiusura totale pozzetto anno 2012. Copertura passerella anno 2012. Batterie e autoclave 2012. Rollbar abbattibile..",https://www.bandofboats.com/fr/buy/boat/5467,https://cdn.bandofboats.com/aws/3379/104/5467-1.jpg?s=8c91c9682ab6bf34d98300e9c9e4d0d1,59000,EUR,Moteur,Timonier,Occasion,INTERMARE,"INTERMARE 27 VEGLIATURA",Italie,toscana,0
5471,"FIBERSTAMP 47 OSTAR","Refitting: INTERNI 2001 ESTERNI 2010 CARENA 2011 Revisione motore 2005",https://www.bandofboats.com/fr/buy/boat/5471,https://cdn.bandofboats.com/aws/3304/29/5471-1.jpg?s=ec03ffdf285b758500882183f751fb21,28200,EUR,Voilier,"Voilier monocoque",Occasion,FIBERSTAMP,"FIBERSTAMP 47 OSTAR",Italie,palermo,0
5473,"PRESTIGE 36 ","Alle Angaben ohne Gewähr",https://www.bandofboats.com/fr/buy/boat/5473,https://cdn.bandofboats.com/aws/3442/151/5473-1.jpg?s=975a6bfa76b5b48007e1447137ce1491,199000,EUR,Moteur,"Vedette Flybridge",Occasion,PRESTIGE,"PRESTIGE 36",Croatie,"seget donji",0
5475,"BAVARIA 38 CRUISER",,https://www.bandofboats.com/fr/buy/boat/5475,https://cdn.bandofboats.com/aws/3471/180/5475-1.jpg?s=03d5b9865224928293faa40f65597187,65000,EUR,Voilier,"Voilier monocoque",Occasion,"BAVARIA YACHTS","BAVARIA 38 CRUISER",Grèce,athens,0
5476,"BAVARIA 40 CRUISER",,https://www.bandofboats.com/fr/buy/boat/5476,https://cdn.bandofboats.com/aws/3471/180/5476-1.jpg?s=6cf50f7aa979c3bbddcc1a771b8772aa,77000,EUR,Voilier,"Voilier monocoque",Occasion,"BAVARIA YACHTS","BAVARIA 40 CRUISER",Grèce,athens,0
5478,"GULFSTAR 60 MK I","This heavily built classic cutter has been meticulously maintained and upgraded throughout the years.  Sudiki truly exhibits the many advantages gained in buying an Owner-Operator Charter Yacht with innovative solutions to reduce the work load of running/living on a boat. Attentive maintenance and usage schedules to preserve the physical and aesthetic qualities of a yacht that both guests and owners desire.   This yacht is consequently close to perfection in every department and the attention to detail is evident throughout.  From the deck lay-out which has been greatly simplified for a minimal crew to the galley’s organization with the important culinary items in easily accessible spaces, Sudiki is truly a gem.    ",https://www.bandofboats.com/fr/buy/boat/5478,https://cdn.bandofboats.com/aws/3303/28/5478-1.jpg?s=913b37e43ff5bbe81467d3290458f43e,199500,USD,Voilier,"Voilier monocoque",Occasion,"GULFSTAR YACHTS","GULFSTAR 60 MK I","St Vincent",grenada,0
5482,"CRANCHI 40 ATLANTIQUE","Imbarcazione in ecellenti condizioni. Secxondo proprietario dal 2010. Sempre rimessaaggio invernale coperto. Completa di generatore ed aria condizionata.SI VALUTANO PERMUTE. Codice scheda: 226862",https://www.bandofboats.com/fr/buy/boat/5482,https://cdn.bandofboats.com/aws/3379/104/5482-1.jpg?s=a86a3726978bef64579e0501998dc5a9,135000,EUR,Moteur,"Vedette Flybridge",Occasion,CRANCHI,"CRANCHI 40 ATLANTIQUE",Italie,toscana,0
5493,"PRINCESS 500 ","The Princess 500 is a stylish flybridge cruiser with classic lines.  Maintained to a very high standard she is presented for sale in excellent condition. Due to a change in family circumstances she has only been lightly used and as such represents great value against a similar sized new purchase.",https://www.bandofboats.com/fr/buy/boat/5493,https://cdn.bandofboats.com/aws/3303/240/5493-1.jpg?s=ab1b4e7be20850cd6f3dc0964906511e,125750,GBP,Moteur,"Vedette Flybridge",Occasion,"PRINCESS YACHTS","PRINCESS 500","Royaume Uni","walton on naze",0
5494,"JEANNEAU 57 ","SICHERHEITSAUSRÜSTUNG: Rettungsinsel, Feststoffwesten, Lifebelts, Rettungsring, UKW-Sprechfunk, Blitzboje, Satz mit Notsignalen, Taschenlampe, Verbandskasten, Notpinne, Treibanker, Bootsmannstuhl, Navigationslichter. NAVIGATION: GPS, Autopilot, Instrumente im Cockpit, Farbplotter, Kartenplotter, Kurzwellenradio, Echolot, Logge, Windmessanlage, Windex, Kompass, Seekarten, Hafenhandbuch, Uhr, Barometer, Fernglas, Handpeil-Kompass, Flaggen QNC, Leuchtfeuerverzeichnis. SONSTIGE AUSSTATTUNG: Bimini-Top, Radio-CD-Spieler, Beiboot, Elektrische Ankerwinde, Warmwasser, Inverter, Stereo-Radio, Kompressorkühlschrank, Cockpittisch, Sonnensegel, Elektrische Bilgenpumpe, Batterieladegerät + Landkabel, Steckdose 12 Volt, Steckdose 220 Volt, Badeleiter, Gangway, Heckdusche, Pantry Komplett, Gasherd mit Backofen, Gasflasche, Bordwerkzeug, Segel Reparatursatz, Amtliches Bootszeugnis, Taucherbrille, Fäkalientank.",https://www.bandofboats.com/fr/buy/boat/5494,https://cdn.bandofboats.com/aws/3381/106/5494-1.jpg?s=cf95f56501321ff173bc7711f340cbfd,399900,EUR,Voilier,"Voilier monocoque",Occasion,JEANNEAU,"JEANNEAU 57",Turquie,marmaris,0
5495,"JEANNEAU 53 ","SICHERHEITSAUSRÜSTUNG: Rettungsinsel, Feststoffwesten, Lifebelts, Rettungsring, UKW-Sprechfunk, Blitzboje, Satz mit Notsignalen, Taschenlampe, Verbandskasten, Notpinne, Treibanker, Bootsmannstuhl, Navigationslichter. NAVIGATION: GPS, Autopilot, Instrumente im Cockpit, Farbplotter, Kartenplotter, Kurzwellenradio, Echolot, Logge, Windmessanlage, Windex, Kompass, Seekarten, Hafenhandbuch, Uhr, Barometer, Fernglas, Handpeil-Kompass, Flaggen QNC, Leuchtfeuerverzeichnis. SONSTIGE AUSSTATTUNG: Bimini-Top, Radio-CD-Spieler, Beiboot, Elektrische Ankerwinde, Warmwasser, Inverter, Stereo-Radio, Kompressorkühlschrank, Cockpittisch, Sonnensegel, Elektrische Bilgenpumpe, Batterieladegerät + Landkabel, Steckdose 12 Volt, Steckdose 220 Volt, Badeleiter, Gangway, Heckdusche, Pantry Komplett, Gasherd mit Backofen, Gasflasche, Bordwerkzeug, Segel Reparatursatz, Amtliches Bootszeugnis, Taucherbrille, Fäkalientank.  ",https://www.bandofboats.com/fr/buy/boat/5495,https://cdn.bandofboats.com/aws/3381/106/5495-1.jpg?s=320229bf586a638c51c1107b3edc7949,219900,EUR,Voilier,"Voilier monocoque",Occasion,JEANNEAU,"JEANNEAU 53",Italie,"castellammare di stabia",0
5496,"ANTARES 980 ","Bateau de première main, propriétaires méticuleux, parfaitement entretenu, très optionné. prêt à partir, place de port possible à Pornic.",https://www.bandofboats.com/fr/buy/boat/5496,https://cdn.bandofboats.com/aws/3344/69/5496-1.jpg?s=37a9f5b9ac80587167abea92cc83bf1a,89000,EUR,Moteur,"Vedette Flybridge",Occasion,BENETEAU,"ANTARES 980",France,pornic,0
5497,"SUN ODYSSEY 45 ","SICHERHEITSAUSRÜSTUNG: Rettungsinsel, Feststoffwesten, Lifebelts, Rettungsring, UKW-Sprechfunk, Blitzboje, Satz mit Notsignalen, Taschenlampe, Verbandskasten, Notpinne, Treibanker, Bootsmannstuhl, Navigationslichter. NAVIGATION: GPS, Autopilot, Instrumente im Cockpit, Farbplotter, Kartenplotter, Kurzwellenradio, Echolot, Logge, Windmessanlage, Windex, Kompass, Seekarten, Hafenhandbuch, Uhr, Barometer, Fernglas, Handpeil-Kompass, Flaggen QNC, Leuchtfeuerverzeichnis. SONSTIGE AUSSTATTUNG: Bimini-Top, Radio-CD-Spieler, Beiboot, Elektrische Ankerwinde, Warmwasser, Inverter, Stereo-Radio, Kompressorkühlschrank, Cockpittisch, Sonnensegel, Elektrische Bilgenpumpe, Batterieladegerät + Landkabel, Steckdose 12 Volt, Steckdose 220 Volt, Badeleiter, Gangway, Heckdusche, Pantry Komplett, Gasherd mit Backofen, Gasflasche, Bordwerkzeug, Segel Reparatursatz, Amtliches Bootszeugnis, Taucherbrille, Fäkalientank.",https://www.bandofboats.com/fr/buy/boat/5497,https://cdn.bandofboats.com/aws/3381/106/5497-1.jpg?s=43e2ce50020770a62a8808191b7bc777,99900,EUR,Voilier,"Voilier monocoque",Occasion,JEANNEAU,"SUN ODYSSEY 45",Grèce,"gouvia marina",0
5498,"ACHILLES 9M ","A well proven offshore cruiser, the Achilles 9m first found fame as a successful OSTAR competitor helmed by its designer Chris Butler. Well suited for family cruising, over 100 of these capable boats were subsequently built. This good example is well presented and ready to sail away",https://www.bandofboats.com/fr/buy/boat/5498,https://cdn.bandofboats.com/aws/3303/240/5498-1.jpg?s=8d380b3d6d1cb8ff90cbf38d9ee8c108,9950,GBP,Voilier,"Voilier monocoque",Occasion,ACHILLES,"ACHILLES 9M","Royaume Uni",levington,0
5500,"INTERMARE 42 ","LEASING IN CORSO; SECONDO PROPRIETARIO; MEDIAZIONE A CARICO ACQUIRENTE SUL PREZZO DEFINITIVO D’ ACQUISTO 5% + IVA; Codice scheda: 187992",https://www.bandofboats.com/fr/buy/boat/5500,https://cdn.bandofboats.com/aws/3379/104/5500-1.jpg?s=64a69dd1ab70542a40dd0754ae87ca86,160000,EUR,Moteur,"Vedette Flybridge",Occasion,INTERMARE,"INTERMARE 42",Italie,sicilia,0
5503,"BAVARIA 44 ",,https://www.bandofboats.com/fr/buy/boat/5503,https://cdn.bandofboats.com/aws/3471/180/5503-1.jpg?s=edcf8c0a2615a00d09c6d316827d79d4,75000,EUR,Voilier,"Voilier monocoque",Occasion,"BAVARIA YACHTS","BAVARIA 44",Grèce,athens,0
5505,"LAGOON 440 ","4 Cab Charter, 2x40 HP, 2 x 250W Solar Panels, Webasto heater 2013.",https://www.bandofboats.com/fr/buy/boat/5505,https://cdn.bandofboats.com/aws/3347/72/5505-1.jpg?s=20d886f467dcc97f434b2aefa94f6d3c,288000,EUR,Voilier,"voilier multicoque",Occasion,LAGOON,"LAGOON 440",Croatie,croatia,0
5509,"SUN ODYSSEY 45 DS","SUN ODYSSEY 45 DS performance (2009) - YANMAR 75 CV (300h)VERSION 2 CABINES - 2 SALLES D'EAU - GV FULL BATTEN - SPI - WINCH ELECTRIQUE - GPS RADAR NAVTEX PILOTE AUTO BATEAU TRES EQUIPE - LOA RECUPERABLE - A VOIR CONTACTER DIRECTEMENT CLÉMENT BERGER : 06 37 01 47 71 NAUTI-CAP CONCESSIONNAIRE JEANNEAU / PRESTIGE A LA GRANDE MOTTE nauticapoccasion@orange.fr",https://www.bandofboats.com/fr/buy/boat/5509,https://cdn.bandofboats.com/aws/3354/79/5509-1.jpg?s=0cf3800b379771ee7999c20101b5fd6c,169000,EUR,Voilier,"Voilier monocoque",Occasion,JEANNEAU,"SUN ODYSSEY 45 DS",France,"la grande motte",0
5511,"ANTARES 10.80 ","Big salon with u-shaped sofas and table at port side. In front chart table. At starboard side complete galley with stove, oven, fridge. In front navigation center with all the electronics. Good bow closed cabin with central double bed and cabinets. At port side, lateral cabin with two big single beds and cabinets. At starboard side complete bathroom, with separated shower zone. Flybridge with navigation center and sun bed. Large cockpit with teak floor and fishing chair (removable). Equipments: Bow thruster, Radar, GPS/Plotter, Professional Depth sounder, Autopilot with remote control, ICOM VHF with DSC, Hydraulic flaps, Electrical windlass, Hot water system, Cockpit teak and swimming platform teak, Fishing chair in cockpit, Out-riggers, canvas for windows. Boat in very good condition. ",https://www.bandofboats.com/fr/buy/boat/5511,https://cdn.bandofboats.com/aws/3376/101/5511-1.jpg?s=a056bb492c1b512d39760b2d090871b6,95000,EUR,Moteur,"Vedette Flybridge",Occasion,BENETEAU,"ANTARES 10.80",Portugal,portugal,0
5513,"SUN WAY 21 ","Voilier de croisière cotière idéal pour une première acquisition",https://www.bandofboats.com/fr/buy/boat/5513,https://cdn.bandofboats.com/aws/3370/95/5513-1.jpg?s=5e68e7ed96bb825086a38933dd853db6,2500,EUR,Voilier,"Voilier monocoque",Occasion,JEANNEAU,"SUN WAY 21",France,brest,0
5514,"EIDER 780 SEA ROVER","VEDETTE TRES CONFORTABLE - 200CV VOLVO DE 780 - HEURES. (COUCHAGE 4 PERS.-CUISINE- FRIGO-RECHAUDWC). - ELECTRONIQUE - GUINDEAU - etc... BATEAU CONCU - POUR LA CROISIERE ET TRES INTERESSANTE POUR LA PECHE - GRACE A SON POSTE DE PILOTAGE EXTERIEUR.",https://www.bandofboats.com/fr/buy/boat/5514,https://cdn.bandofboats.com/aws/3370/95/5514-1.jpg?s=8b954fbf1d463321dab8cc0ee5049598,19000,EUR,Moteur,Timonier,Occasion,"EIDER MARINE","EIDER 780 SEA ROVER",France,brest,0
5516,"SANGERMANI 20 ","2010 : rifacimento totale coperta in teak e tappezzerie interne color panna; MEDIAZIONE 5% + IVA A CARICO ACQUIRENTE SUL PREZZO EFFETTIVO DI VENDITA. Codice scheda: 236697.",https://www.bandofboats.com/fr/buy/boat/5516,https://cdn.bandofboats.com/aws/3379/104/5516-1.jpg?s=b135de66b00c78e6c775318b0c7eb387,490000,EUR,Voilier,"Voilier monocoque",Occasion,SANGERMANI,"SANGERMANI 20",Italie,veneto,0
5517,"FLYER SERIE 5 ","Bateau en excellent état. Quelques aménagement bien pensés et bien réalisés. Pompe eau de mer pour vivier ou rinçage du pont. Plaque de tableau arrière pivotante pour sécuriser ou en faire une table. Bateau sur remorque, prêt àpartir. BATEAU REMOROTISé. OPTIMAX, EN TRèS BON éTAT ET RéVISé. ENTRETIEN RéGULIERPour toutes informations complémentaires :Mr Y. RUMAIN 06 42 48 42 53",https://www.bandofboats.com/fr/buy/boat/5517,https://cdn.bandofboats.com/aws/3370/95/5517-1.jpg?s=2c4a3b7c4d8a5b303781398fe4c46ecb,9500,EUR,Moteur,Daycruiser,Occasion,BENETEAU,"FLYER SERIE 5",France,plougasnou,0
5520,"DORAL 32 PRESTANCIA","DORAL PRESTENCIA 32 (375h) - VOLVO PENTA 2 X 270 CV 5L GXi EXCELLENT ETAT - BATEAU SUIVI ET ENTRETENU PAR PROFESSIONNEL - FULL OPTIONS - GROUPE ELECTROGENE PAGURO 2000 2.5KWA (2013) (2h) GARANTIE 1 AN ",https://www.bandofboats.com/fr/buy/boat/5520,https://cdn.bandofboats.com/aws/3354/79/5520-1.jpg?s=011d2c6266534043acc3bee5e21f06c0,69000,EUR,Moteur,"Vedette Open",Occasion,DORAL,"DORAL 32 PRESTANCIA",France,"la grande motte",0
5521,"PACIFIC CRAFT 545 ","Bateau comme neuf, livraison printemps 2013, une seule saisonrévision faite",https://www.bandofboats.com/fr/buy/boat/5521,https://cdn.bandofboats.com/aws/3440/149/5521-1.jpg?s=41d5a438a9cf81b5b876e5558e2229d1,22500,EUR,Moteur,"Coque Open",Occasion,"PACIFIC CRAFT",545,France,bennecourt,0
5522,"HUDSON 38 PRESENT","Pour toutes informations complémentaires :Mr Y. RUMAIN 06 42 48 42 53",https://www.bandofboats.com/fr/buy/boat/5522,https://cdn.bandofboats.com/aws/3370/95/5522-1.jpg?s=37ed432f4a1639d98ad42eb0e3717393,71250,EUR,Moteur,Trawler,Occasion,HUDSON,"HUDSON 38 PRESENT",France,brest,0